{"cameraMode":{"drawMode":0,"name":"Shaded","section":"Shading Mode"},"sceneLighting":true,"audioPlay":false,"sceneViewState":{"m_AlwaysRefresh":false,"showFog":true,"showSkybox":true,"showFlares":true,"showImageEffects":true,"showParticleSystems":true,"showVisualEffectGraphs":true,"m_FxEnabled":true},"in2DMode":false,"pivot":{"x":-1.228644609451294,"y":1.9002939462661744,"z":3.4185662269592287},"rotation":{"x":0.052691180258989337,"y":0.9428454637527466,"z":-0.2750125825405121,"w":0.18064457178115846},"size":0.10007766634225846,"orthographic":false}